Timestamp,Email Address,How many times have you donated blood in the past year?,"Do you have trouble finding blood donation requests among a large volume of messages in social media
groups?",How convenient is BNet in notifying you about blood donation requests in social media groups?,At most how many blood donation seeking messages do you feel comfortable to receive from BNet per month?,How would you rate the overall functionality of BNet?,Do you find BNet more effective than existing blood donation apps or methods you’ve used before?,What challenges do you face in connecting with blood requesters? How can these be overcome?,What improvements would you suggest to make BNet better for donors?
10/27/2024 0:00:32,adnanistiak111@gmail.com,1,1,3.0,4,3.0,,traveling,
10/27/2024 0:36:50,mufeed.talukder555@gmail.com,1,1,3.0,1,4.0,4.0,,
10/27/2024 1:51:46,tamzim.lisa10@gmail.com,2,3,3.0,1,4.0,4.0,,
10/27/2024 1:55:40,mtsarkar2000@gmail.com,1,2,4.0,1,5.0,4.0,,
10/27/2024 2:10:51,nayeemj496@gmail.com,2,2,4.0,1,5.0,5.0,often responses are very late when it won't just matter. A network of a lot of donor can be a great help to solve this issue.,
10/27/2024 4:49:39,asefkabir97@gmail.com,1,2,3.0,1,5.0,5.0,,
10/27/2024 9:02:50,musatur330@gmail.com,1,4,3.0,1,4.0,,,
10/27/2024 9:08:08,shahadshahriarrahman@gmail.com,1,1,2.0,5,3.0,,,
10/27/2024 9:08:37,dipantonobo@gmail.com,1,2,4.0,1,4.0,4.0,,
10/27/2024 10:06:42,arnabdeykabya@gmail.com,1,4,4.0,1,5.0,4.0,I dont face any issue,You can use database system..availability and more efficient networking with blood donner 
10/27/2024 11:01:38,sadatulislamsadi@gmail.com,1,3,4.0,1,5.0,5.0,,
10/27/2024 11:01:41,hasnainadil13@gmail.com,2,3,5.0,3,3.0,2.0,ammu dey na ,
10/27/2024 11:03:47,shadmantabib2002@gmail.com,2,2,3.0,1,4.0,4.0,,
10/27/2024 11:05:26,ktahsin280@gmail.com,2,3,4.0,2,4.0,5.0,,
10/27/2024 11:14:46,shantomondol587@gmail.com,2,2,5.0,5,5.0,5.0,,
10/27/2024 12:39:38,legendfaiyaz4166@gmail.com,3,3,3.0,1,4.0,4.0,"Location is a great obstacle. In Dhaka, it may take hours to get to donation location if I'm on the other side of the city",A dashboard with requests should be helpful
10/27/2024 13:11:12,maishamaksura2018@gmail.com,1,1,,5,,5.0,didn't experience yet.,make the commands easier and try to incorporate it in other social media apps.
10/27/2024 21:42:37,samiasam322@gmail.com,1,5,4.0,3,5.0,5.0,,
