Timestamp,Email address,"Do you request blood donations on social media (e.g., Telegram, Discord, etc.)?","Did you usually receive timely responses to your blood donation requests before using BNet prior to October
23, 2024?","How satisfied are you with the timely response of BNet in identifying potential donors between October 23 and
October 26, 2024, after integrating BNet into groups?","After getting response from BNet, have you successfully connected with a blood donor through BNet?","How easy do you find using BNet through slash-command prompts(e.g. /start, /show_my_info etc.)?",How intuitive is the user interface of BNet?,How would you rate the overall functionality of BNet?,Do you find BNet more effective than existing blood donation apps or methods you have used before?,What challenges do you face in connecting with blood donors? How can these be overcome?,What improvements would you suggest to make BNet  more widespread among blood donation seekers?
27/10/2024 00:35:40,mufeed.talukder555@gmail.com,Seldom,Seldom,Satisfied,Often,Moderately easy,Moderately intuitive,Average,Much better,,
27/10/2024 00:41:33,jnaddri33@gmail.com,Sometimes,Sometimes,Satisfied,Sometimes,Very easy,Moderately intuitive,Above Average,Somewhat better,,
27/10/2024 00:51:34,jnaddri33@gmail.com,Sometimes,Sometimes,Satisfied,Sometimes,Very easy,Moderately intuitive,Above Average,Much better,,
27/10/2024 01:38:09,afridimahmud99@gmail.com,Seldom,,Satisfied,Sometimes,Moderately easy,Moderately intuitive,Average,Stayed the same,,
27/10/2024 01:52:40,tamzim.lisa10@gmail.com,Seldom,Almost always,Satisfied,Often,Moderately easy,Moderately intuitive,Above Average,Somewhat better,,
27/10/2024 01:54:40,mtsarkar2000@gmail.com,Seldom,Sometimes,Satisfied,Almost always,Moderately easy,Very intuitive,Above Average,Much better,,
27/10/2024 02:12:21,gourbjit007@gmail.com,Almost always,Sometimes,Neither,Sometimes,Extremely easy,Extremely intuitive,Above Average,Somewhat better,,
27/10/2024 02:12:24,nayeemj496@gmail.com,Seldom,Seldom,Satisfied,Often,Very easy,Very intuitive,Excellent,Much better,"Normally the request is not sent to the proper place sometimes, and other times it is not well circulated. A large pool of donors can help to overcome this scenerio.",
27/10/2024 09:03:05,zmsiddiqee2002@gmail.com,Never,Sometimes,Neither,Sometimes,Very easy,Very intuitive,Above Average,Not applicable (I have never used any such app before),,
27/10/2024 09:03:27,ananyapromi3@gmail.com,Seldom,Often,Satisfied,Sometimes,Very easy,Very intuitive,Excellent,Much better,,
27/10/2024 09:04:48,dipantonobo@gmail.com,Sometimes,Seldom,Satisfied,Sometimes,Very easy,Very intuitive,Above Average,Somewhat better,,
27/10/2024 09:06:30,shahadshahriarrahman@gmail.com,Sometimes,Sometimes,Satisfied,Never,Extremely easy,Very intuitive,Excellent,Much better,,
27/10/2024 11:01:23,shadmantabib2002@gmail.com,Often,Almost always,Satisfied,Often,Moderately easy,Very intuitive,Above Average,Somewhat better,Communication and transport,
27/10/2024 11:05:17,hellofihad@gmail.com,Seldom,Often,Satisfied,Often,Extremely easy,Extremely intuitive,Excellent,Much better,,
27/10/2024 12:37:39,legendfaiyaz4166@gmail.com,Never,Often,Neither,Sometimes,Extremely easy,Very intuitive,Above Average,Somewhat better,,
27/10/2024 13:07:09,maishamaksura2018@gmail.com,Almost always,Often,Neither,Never,Slightly easy,Moderately intuitive,Above Average,Much better,didn't experience yet,make the commands easier and try to incorporate in other social media apps
27/10/2024 21:52:33,openmaster.2001@gmail.com,Often,Seldom,Very satisfied,Almost always,Very easy,Extremely intuitive,Above Average,Much better,,
27/10/2024 21:54:14,sgcaparesh@gmail.com,Often,Sometimes,Very satisfied,Almost always,Very easy,Extremely intuitive,Excellent,Somewhat better,,